step,router/layer0/shared_private_ratio,router/layer1/shared_private_ratio,router/layer2/shared_private_ratio,router/layer3/shared_private_ratio
10,0.9972065091133118,0.9947590231895447,1.0061135292053223,0.9797664284706116
20,1.026036262512207,0.9949712157249451,1.0071007013320923,1.0767886638641357
30,1.0278291702270508,0.978656530380249,0.9994606971740723,1.2414077520370483
40,1.040622591972351,0.9684051871299744,1.10872220993042,1.3179473876953125
50,1.0846002101898193,1.0518219470977783,1.1227190494537354,1.2831720113754272
60,1.0638054609298706,0.9511767029762268,1.0062191486358643,1.146955132484436
70,1.0171902179718018,0.8899428248405457,0.979073703289032,1.0835760831832886
80,1.0377494096755981,0.8250848054885864,0.9363850355148315,1.037613034248352
90,1.02025306224823,0.8570613861083984,1.17112135887146,1.0734256505966187
100,0.9805610775947571,0.9116989970207214,0.9446753263473511,1.0053703784942627
110,1.016916036605835,0.8343692421913147,0.8789504170417786,1.1604222059249878
120,1.021026849746704,0.7753936648368835,0.7874630689620972,0.9390484690666199
130,1.0482717752456665,0.9122560620307922,0.7721499800682068,1.0595875978469849
140,1.132716178894043,0.8094943165779114,0.7646856307983398,1.0631730556488037
150,1.0613874197006226,0.7906104922294617,0.7701759934425354,1.0626899003982544
160,0.9051724076271057,0.7370465397834778,0.9214613437652588,0.9023324251174927
170,0.9184764623641968,0.7338141798973083,0.767767608165741,0.8611279129981995
180,0.9065352082252502,0.6953619122505188,0.753236711025238,0.8380577564239502
190,0.9054496884346008,0.5996755361557007,0.7095448970794678,0.8006607890129089
200,0.9379777312278748,0.6917452216148376,0.77871173620224,0.7931958436965942
210,0.8420464396476746,0.6892276406288147,0.7746723890304565,0.7548505663871765
220,0.8811713457107544,0.6893665194511414,0.7031111121177673,0.7590919733047485
230,0.8847665190696716,0.7076451778411865,0.6918057799339294,0.7711665630340576
240,0.7951227426528931,0.6770676970481873,0.6980757713317871,0.7467139363288879
250,0.8444157242774963,0.6594591736793518,0.6728482842445374,0.7740992903709412
260,0.8198596239089966,0.7005873918533325,0.6570093631744385,0.769914448261261
270,0.8207733035087585,0.6859784722328186,0.6568881273269653,0.7473434805870056
280,0.8712015151977539,0.7337273955345154,0.6686760187149048,0.7623015642166138
290,0.8600719571113586,0.695724606513977,0.6530568599700928,0.7987751960754395
300,0.8070927858352661,0.6753727197647095,0.6184729933738708,0.7440882325172424
310,0.7933138012886047,0.6403625011444092,0.636587381362915,0.7407196760177612
320,0.8309661746025085,0.6903232336044312,0.6397482752799988,0.76284259557724
330,0.8412076234817505,0.6790425777435303,0.635469377040863,0.7122569680213928
340,0.9075984954833984,0.7167896628379822,0.6597530245780945,0.7195786833763123
350,0.8642451763153076,0.7060261964797974,0.6268625855445862,0.6852084994316101
360,0.8495835065841675,0.6871498823165894,0.6292585134506226,0.7246466279029846
370,0.8572365045547485,0.6669995784759521,0.6161675453186035,0.7550420165061951
380,0.8277301788330078,0.6782287359237671,0.5790982246398926,0.7303068041801453
390,0.8852736353874207,0.6649244427680969,0.5748326182365417,0.7633048295974731
400,0.8689854741096497,0.6555030345916748,0.5923425555229187,0.7641232013702393
410,0.8498732447624207,0.7055409550666809,0.6153416037559509,0.7155476808547974
420,0.8792333006858826,0.6865720748901367,0.6058024764060974,0.763870358467102
430,0.8508344292640686,0.6668177247047424,0.5928184986114502,0.7123324275016785
440,0.7803435325622559,0.6291717290878296,0.5775718092918396,0.7517006993293762
450,0.774922251701355,0.5965321063995361,0.5682355761528015,0.7147908210754395
460,0.7990705966949463,0.6433579325675964,0.5711255073547363,0.7776349186897278
470,0.8507760763168335,0.6274511814117432,0.5703280568122864,0.7481977939605713
480,0.8770279884338379,0.671868085861206,0.6192541718482971,0.782358705997467
490,0.8438429832458496,0.6561757922172546,0.5868661999702454,0.6892974972724915
500,0.7826727628707886,0.662269651889801,0.5935938954353333,0.743351399898529
510,0.8724476099014282,0.68819260597229,0.5934129357337952,0.750556468963623
520,0.7857558131217957,0.6491273045539856,0.613149106502533,0.7433391809463501
530,0.7697034478187561,0.6342673897743225,0.587104320526123,0.7500515580177307
540,0.8111908435821533,0.6647341847419739,0.5733458399772644,0.752483606338501
550,0.7650798559188843,0.624295175075531,0.5463382601737976,0.7283375859260559
560,0.883014440536499,0.7428320050239563,0.6629854440689087,0.7878256440162659
570,0.8378794193267822,0.6495426297187805,0.5951300263404846,0.851647138595581
580,0.838024914264679,0.689711332321167,0.5973342657089233,0.8364351391792297
590,0.8012893199920654,0.6354008316993713,0.5640084743499756,0.752095639705658
600,0.7718480229377747,0.6731294989585876,0.6195462346076965,0.8421095013618469
610,0.788757860660553,0.6380277276039124,0.5867214202880859,0.7821266651153564
620,0.8943293690681458,0.6654595732688904,0.6148632168769836,0.8244022727012634
630,0.8617234230041504,0.6433723568916321,0.6080666184425354,0.856849193572998
640,0.9029121994972229,0.6794476509094238,0.6043300628662109,0.8955069780349731
650,0.838935136795044,0.6082875728607178,0.5924453735351562,0.8181219100952148
660,0.8435071110725403,0.6778516173362732,0.5903868079185486,0.768379807472229
670,0.8677879571914673,0.6661702990531921,0.5952738523483276,0.8352154493331909
680,0.8578785061836243,0.688305139541626,0.619534969329834,0.9009904861450195
690,0.8535566926002502,0.6663374304771423,0.6379169225692749,0.8667348623275757
700,0.8622457385063171,0.6560543775558472,0.617892324924469,0.8786375522613525
710,0.9728701710700989,0.7502689361572266,0.6764373183250427,0.9258272051811218
720,0.8909174799919128,0.6978499889373779,0.6691116690635681,0.8805392384529114
730,0.9346458911895752,0.7113152742385864,0.6526913642883301,0.9236704707145691
740,0.9932685494422913,0.6738724112510681,0.6518926620483398,0.9726606011390686
750,1.0052893161773682,0.7394728660583496,0.6309188008308411,0.8613637089729309
760,0.8901346325874329,0.7205110788345337,0.6482951045036316,0.9220037460327148
770,0.9647284746170044,0.6913465857505798,0.6652584075927734,0.9322358965873718
780,0.9029117822647095,0.6864889860153198,0.6179338097572327,0.9321563839912415
790,0.9645435214042664,0.6880096793174744,0.6245315074920654,0.9650871753692627
800,0.9839932918548584,0.6544710993766785,0.6470407247543335,0.9563730359077454
810,0.9337965250015259,0.7057802677154541,0.638218104839325,0.9892463684082031
820,1.0601353645324707,0.7486090064048767,0.6701071262359619,0.903030514717102
830,0.9072136878967285,0.6749182939529419,0.634714663028717,0.8636294603347778
840,1.0032356977462769,0.7274375557899475,0.6750556826591492,0.9647454619407654
850,0.9330425262451172,0.6969692707061768,0.6597272753715515,0.9124194383621216
860,1.0214815139770508,0.6949397325515747,0.6624583005905151,1.0710642337799072
870,0.9888216853141785,0.7621117830276489,0.6855882406234741,0.9531111121177673
880,0.9689075350761414,0.7547869682312012,0.6643244624137878,0.9990633130073547
890,1.0620111227035522,0.7295134663581848,0.6310164928436279,0.866977334022522
900,1.0074458122253418,0.7126515507698059,0.6845687031745911,0.968774139881134
910,1.0385773181915283,0.7744350433349609,0.6674131751060486,0.9315580725669861
920,0.955308735370636,0.7670465111732483,0.6900450587272644,0.9937059879302979
930,1.0245016813278198,0.6991519927978516,0.6786788105964661,0.9974998235702515
940,1.011738896369934,0.7504807114601135,0.6587217450141907,1.0128960609436035
950,1.1026637554168701,0.7985438704490662,0.6801145672798157,0.9877431988716125
960,1.1092373132705688,0.7249667048454285,0.6897056698799133,1.0167851448059082
970,1.0372084379196167,0.6751284003257751,0.6965652108192444,1.0104769468307495
980,1.056140661239624,0.7282875180244446,0.6796841025352478,1.0179213285446167
990,1.0504286289215088,0.7498676180839539,0.6865615844726562,0.9525139927864075
1000,1.0729620456695557,0.7727165818214417,0.662385106086731,0.9983568787574768
1010,1.1389907598495483,0.8225460052490234,0.7329451441764832,1.0345622301101685
1020,1.0510963201522827,0.7523231506347656,0.6615883708000183,0.9990176558494568
1030,1.1209943294525146,0.7716419696807861,0.6717084050178528,0.9607415795326233
1040,0.9800702929496765,0.7678203582763672,0.7348431348800659,1.0155112743377686
1050,1.1449261903762817,0.753198504447937,0.697547197341919,1.014191746711731
1060,1.0949617624282837,0.7794660925865173,0.6658751368522644,0.9501516222953796
1070,1.158738136291504,0.6955085396766663,0.6206104755401611,0.9729968309402466
1080,1.148542881011963,0.7653610706329346,0.6922303438186646,0.9999911785125732
1090,1.1512950658798218,0.7237746715545654,0.6524472236633301,0.9694305062294006
1100,1.1702089309692383,0.7559676170349121,0.7026817202568054,1.0364899635314941
1110,1.0860159397125244,0.7303593754768372,0.6746200323104858,0.9720271229743958
1120,1.1235027313232422,0.7764309644699097,0.7483446598052979,1.1080917119979858
1130,1.158850073814392,0.8160231113433838,0.7439411878585815,1.0624396800994873
1140,1.118273138999939,0.8266639709472656,0.7587212324142456,1.201673984527588
1150,1.0927070379257202,0.7664430737495422,0.6556476354598999,0.9876542687416077
1160,1.151007890701294,0.7619200348854065,0.6890533566474915,1.086012840270996
1170,1.1810559034347534,0.7865660786628723,0.7140904664993286,1.0791188478469849
1180,1.2749022245407104,0.855444610118866,0.7855962514877319,1.2382150888442993
1190,1.1046628952026367,0.7754214406013489,0.7057744264602661,1.0735349655151367
1200,1.1856844425201416,0.8165221214294434,0.7487406134605408,1.1033560037612915
1210,1.0903137922286987,0.7801339030265808,0.7400099635124207,1.0404932498931885
1220,1.164988398551941,0.7651337385177612,0.6697721481323242,1.0757746696472168
1230,1.122596025466919,0.8216785788536072,0.7453975081443787,1.1096572875976562
1240,1.1409540176391602,0.8415154218673706,0.7207249402999878,1.0859243869781494
1250,1.2378751039505005,0.865873396396637,0.7259706854820251,1.0583738088607788
1260,1.1456161737442017,0.7962754368782043,0.7403466701507568,1.08626127243042
1270,1.1813596487045288,0.8859465718269348,0.7426071166992188,1.0615788698196411
1280,1.2026222944259644,0.8251171112060547,0.7674764394760132,1.1522804498672485
1290,1.1561822891235352,0.8164663314819336,0.708155632019043,1.0868061780929565
1300,1.143742561340332,0.7623969316482544,0.7898616194725037,1.2560205459594727
1310,1.1838889122009277,0.8080044984817505,0.7778815031051636,1.1877528429031372
1320,1.2634669542312622,0.8801286220550537,0.7601168751716614,1.1026510000228882
1330,1.220157265663147,0.8331493139266968,0.7656142711639404,1.1415693759918213
1340,1.2080872058868408,0.855438768863678,0.7868797183036804,1.2075706720352173
1350,1.1537290811538696,0.8155880570411682,0.740485668182373,1.118768572807312
1360,1.1419360637664795,0.8173689246177673,0.7172458171844482,1.154779314994812
1370,1.2140973806381226,0.837769627571106,0.7596917748451233,1.0776243209838867
1380,1.3032172918319702,0.8632813096046448,0.7952989339828491,1.1723979711532593
1390,1.252132534980774,0.7832861542701721,0.7781175971031189,1.2136778831481934
1400,1.2078449726104736,0.9118398427963257,0.8093971014022827,1.3392292261123657
1410,1.2048654556274414,0.8239870071411133,0.7396942973136902,1.1537673473358154
1420,1.1767207384109497,0.8332576751708984,0.7730162143707275,1.2238705158233643
1430,1.2528328895568848,0.8815761208534241,0.785936713218689,1.2469228506088257
1440,1.1741697788238525,0.7588422894477844,0.7345927953720093,1.2111468315124512
1450,1.2428317070007324,0.9087933301925659,0.8115060329437256,1.2181308269500732
1460,1.2210843563079834,0.8357372283935547,0.7809751033782959,1.1760820150375366
1470,1.2882612943649292,0.9165458679199219,0.7910080552101135,1.3155815601348877
1480,1.3276307582855225,0.9340636134147644,0.7841981649398804,1.1786707639694214
1490,1.203537940979004,0.8258470296859741,0.738888144493103,1.1387131214141846
1500,1.1933993101119995,0.7865973711013794,0.7722723484039307,1.268277883529663
1510,1.2052406072616577,0.8503218293190002,0.8146794438362122,1.204005479812622
1520,1.2846407890319824,0.8404592275619507,0.8100270628929138,1.3601465225219727
1530,1.251757025718689,0.7908230423927307,0.7654145359992981,1.2283854484558105
1540,1.1973122358322144,0.8249053955078125,0.7618044018745422,1.232422947883606
1550,1.255400538444519,0.8536498546600342,0.8026160001754761,1.1964821815490723
1560,1.2891759872436523,0.9889158606529236,0.8024729490280151,1.203669786453247
1570,1.2747657299041748,0.8905203938484192,0.7416229844093323,1.131058692932129
1580,1.2661861181259155,0.8686757683753967,0.7833584547042847,1.2061920166015625
1590,1.3115514516830444,0.8933320641517639,0.7720423936843872,1.2630599737167358
1600,1.2714102268218994,0.9850664734840393,0.8097257614135742,1.2340911626815796
1610,1.3810112476348877,0.8782917857170105,0.7967031598091125,1.3379243612289429
1620,1.279086947441101,0.9096338152885437,0.8240329623222351,1.3698632717132568
1630,1.0692428350448608,0.792836606502533,0.771647572517395,1.3271503448486328
1640,1.269103765487671,1.0123956203460693,0.8970334529876709,1.285428524017334
1650,1.1945250034332275,0.9291909337043762,0.8081399202346802,1.2136985063552856
1660,1.2937700748443604,0.8509331941604614,0.7809901833534241,1.3195935487747192
1670,1.2349399328231812,0.8646076321601868,0.7947623133659363,1.3002830743789673
1680,1.2727510929107666,0.9434064626693726,0.8633641600608826,1.4237613677978516
1690,1.2893344163894653,0.9583016037940979,0.81992506980896,1.4024244546890259
1700,1.2480547428131104,0.9336444735527039,0.7785835862159729,1.225795865058899
1710,1.3024483919143677,0.895423412322998,0.8579802513122559,1.4304540157318115
1720,1.2913025617599487,0.8941294550895691,0.8356841802597046,1.367361068725586
1730,1.2093151807785034,0.9900971055030823,0.8328337669372559,1.3020960092544556
1740,1.3171762228012085,0.9389936327934265,0.8621857166290283,1.5147085189819336
1750,1.1862521171569824,0.93656986951828,0.7746179103851318,1.1601388454437256
1760,1.3036686182022095,0.9200431108474731,0.848894476890564,1.3347456455230713
1770,1.2390382289886475,0.8573412299156189,0.8261861205101013,1.4290441274642944
1780,1.277024745941162,0.9597092866897583,0.8165627717971802,1.3840080499649048
1790,1.3468883037567139,0.8597051501274109,0.8538796305656433,1.4707852602005005
1800,1.2269560098648071,0.9162788987159729,0.7823396921157837,1.3495246171951294
1810,1.330001950263977,0.9311795234680176,0.8373903632164001,1.2499995231628418
1820,1.3695697784423828,1.0089075565338135,0.8257085680961609,1.324713945388794
1830,1.3889936208724976,0.9267797470092773,0.838749349117279,1.4346649646759033
1840,1.294337272644043,0.9394294023513794,0.8125102519989014,1.4012974500656128
1850,1.392653465270996,0.927426278591156,0.8426589965820312,1.3752728700637817
1860,1.2600480318069458,0.8984436988830566,0.7942860722541809,1.3301268815994263
1870,1.3926653861999512,0.9575751423835754,0.8787573575973511,1.466872215270996
1880,1.4453784227371216,1.0753470659255981,0.9128780364990234,1.479697346687317
1890,1.30827796459198,1.0405136346817017,0.9087498784065247,1.4596058130264282
1900,1.2782700061798096,0.9145492911338806,0.8147259950637817,1.2714167833328247
1910,1.3126007318496704,0.9781808257102966,0.855036199092865,1.31027090549469
1920,1.2232677936553955,0.9842929244041443,0.8156442046165466,1.2231587171554565
1930,1.3225061893463135,0.9812743067741394,0.8205339312553406,1.4712251424789429
1940,1.3121223449707031,0.8602554798126221,0.8223572969436646,1.4553916454315186
1950,1.2940809726715088,0.9266880750656128,0.873092770576477,1.5551820993423462
1960,1.3382922410964966,1.081176519393921,0.9208517670631409,1.498604655265808
1970,1.325505018234253,0.9843044281005859,0.8528182506561279,1.4729666709899902
1980,1.35720694065094,0.8548126816749573,0.7976407408714294,1.3831775188446045
1990,1.2618985176086426,0.92914217710495,0.8716842532157898,1.4406771659851074
2000,1.4095067977905273,1.0500006675720215,0.8879473209381104,1.3909640312194824
2010,1.410467267036438,0.9884441494941711,0.8521760702133179,1.501937747001648
2020,1.4241565465927124,1.0212843418121338,0.8401963710784912,1.494375467300415
2030,1.3521984815597534,0.9896757006645203,0.8390368819236755,1.2948769330978394
2040,1.240936517715454,0.9223951697349548,0.8425233364105225,1.3464657068252563
2050,1.4007177352905273,0.9895257949829102,0.8460881114006042,1.39178466796875
2060,1.3911961317062378,1.0402891635894775,0.8923259377479553,1.5347776412963867
2070,1.2447563409805298,0.9605838060379028,0.8744028806686401,1.4872756004333496
2080,1.3982393741607666,0.9758344888687134,0.8587355017662048,1.428627371788025
2090,1.518274188041687,0.9945645332336426,0.9220026731491089,1.676220178604126
2100,1.406593680381775,1.1341572999954224,0.8944532871246338,1.4643492698669434
2110,1.3532648086547852,1.0566909313201904,0.8644554018974304,1.479629635810852
2120,1.4091362953186035,1.01042640209198,0.9355529546737671,1.5012187957763672
2130,1.3185782432556152,1.011481523513794,0.8051825761795044,1.3988206386566162
2140,1.420324444770813,0.9914746284484863,0.9025112986564636,1.4717283248901367
2150,1.3588188886642456,1.031956672668457,0.8650558590888977,1.5211994647979736
2160,1.3735857009887695,0.9466878771781921,0.8314571976661682,1.341283917427063
2170,1.3347444534301758,1.2127361297607422,0.8839846253395081,1.4690686464309692
2180,1.3634177446365356,0.8911766409873962,0.8879215717315674,1.7022210359573364
2190,1.2782267332077026,1.0189085006713867,0.8445754647254944,1.4324995279312134
2200,1.3688570261001587,0.9713462591171265,0.8828611373901367,1.529746174812317
2210,1.326032280921936,1.0906870365142822,0.865566611289978,1.3793656826019287
2220,1.3270461559295654,1.0568870306015015,0.9039658904075623,1.505659818649292
2230,1.407844066619873,1.1075315475463867,0.9211781024932861,1.480004906654358
2240,1.3673055171966553,1.0115047693252563,0.8201596140861511,1.4187941551208496
2250,1.4548450708389282,1.037772297859192,0.9114517569541931,1.4783726930618286
2260,1.2735240459442139,0.9701416492462158,0.8312002420425415,1.4783344268798828
2270,1.3401519060134888,1.0904461145401,0.8784467577934265,1.5310195684432983
2280,1.4261248111724854,1.1296910047531128,0.9233094453811646,1.5906312465667725
2290,1.43880295753479,1.0282007455825806,0.8627631068229675,1.4769705533981323
2300,1.3711836338043213,1.0559028387069702,0.9081149697303772,1.5647814273834229
2310,1.3475428819656372,0.9911026358604431,0.8716904520988464,1.4707826375961304
2320,1.4257464408874512,1.1199783086776733,0.9387015700340271,1.628671646118164
2330,1.3757669925689697,0.9567922353744507,0.8468084931373596,1.510122537612915
2340,1.4341981410980225,1.0524706840515137,0.938740611076355,1.6495954990386963
2350,1.3007415533065796,0.9528534412384033,0.8420819640159607,1.4379053115844727
2360,1.2824594974517822,1.0111700296401978,0.8820884823799133,1.5133578777313232
2370,1.4595417976379395,1.0316299200057983,0.9304531812667847,1.5847269296646118
2380,1.4567550420761108,1.0428130626678467,0.8258359432220459,1.4838693141937256
2390,1.3103350400924683,1.1513779163360596,0.9163504242897034,1.6431291103363037
2400,1.4851033687591553,1.1557061672210693,0.9153193831443787,1.4401905536651611
2410,1.305700659751892,1.0017895698547363,0.9345685243606567,1.6215195655822754
2420,1.450194239616394,1.0370808839797974,0.9037733674049377,1.4393088817596436
2430,1.2737677097320557,1.1227391958236694,0.8992140889167786,1.466033935546875
2440,1.3373196125030518,1.042785882949829,0.8308167457580566,1.3513836860656738
2450,1.4848204851150513,1.2200188636779785,0.9212957620620728,1.687479019165039
2460,1.424853801727295,1.0638986825942993,0.8505133986473083,1.4793133735656738
2470,1.230867862701416,1.057295560836792,0.8269366025924683,1.3659744262695312
2480,1.4753706455230713,1.1439793109893799,0.9236662983894348,1.6953155994415283
2490,1.4116146564483643,1.0313224792480469,0.9243605732917786,1.7353954315185547
2500,1.4204416275024414,1.1001133918762207,0.8693205714225769,1.5682440996170044
2510,1.3904036283493042,1.0889596939086914,0.892016589641571,1.4340156316757202
2520,1.4615745544433594,1.177155613899231,0.9164460897445679,1.6636066436767578
2530,1.4108974933624268,1.1385843753814697,0.9243912696838379,1.6620357036590576
2540,1.4477342367172241,1.165433406829834,0.8942510485649109,1.5142914056777954
2550,1.3971824645996094,1.1632373332977295,0.9181986451148987,1.537473201751709
2560,1.3354896306991577,1.1429722309112549,0.8865620493888855,1.4000962972640991
2570,1.3353416919708252,0.9415053129196167,0.8108946084976196,1.549276351928711
2580,1.3961068391799927,1.0561009645462036,0.861629843711853,1.564400553703308
2590,1.4030187129974365,1.1435164213180542,0.8027830719947815,1.7271058559417725
2600,1.3422592878341675,1.017453670501709,0.8568435311317444,1.5556706190109253
2610,1.4854189157485962,1.2617876529693604,0.9331173300743103,1.7175315618515015
2620,1.4871188402175903,1.0902726650238037,0.9170351028442383,1.7113569974899292
2630,1.2023299932479858,1.0239689350128174,0.8414849638938904,1.528271198272705
2640,1.4373620748519897,1.0458024740219116,0.8640733957290649,1.6472967863082886
2650,1.3908820152282715,1.0960988998413086,0.9338020086288452,1.5463346242904663
2660,1.5373156070709229,1.1642695665359497,0.9900076389312744,1.7550920248031616
2670,1.3866268396377563,1.1085506677627563,0.908625602722168,1.6344890594482422
2680,1.453468680381775,1.1122831106185913,0.947422206401825,1.7769683599472046
2690,1.319808006286621,1.108507513999939,0.8419483304023743,1.4697757959365845
2700,1.2558314800262451,0.9056819677352905,0.8647559285163879,1.5223066806793213
2710,1.4354658126831055,1.1932437419891357,0.9168896079063416,1.6674734354019165
2720,1.3874424695968628,1.076937198638916,0.9553323984146118,1.7103700637817383
2730,1.250565767288208,0.9945473074913025,0.8584513664245605,1.624102234840393
2740,1.4457452297210693,1.026619791984558,0.9660731554031372,1.8735042810440063
2750,1.4230711460113525,1.107252597808838,0.9671183824539185,1.6774539947509766
2760,1.389185905456543,1.144855260848999,0.8841398358345032,1.8386121988296509
2770,1.4012585878372192,1.1859183311462402,0.9586893916130066,1.7315419912338257
2780,1.4905519485473633,1.1566652059555054,0.9694381356239319,1.7555562257766724
2790,1.3272258043289185,1.1812876462936401,0.8801535964012146,1.5682637691497803
2800,1.366044282913208,1.0153188705444336,0.880947470664978,1.7162456512451172
2810,1.525368571281433,1.0257551670074463,1.0016928911209106,1.8034899234771729
2820,1.365645408630371,1.0323786735534668,0.9399006366729736,1.7048169374465942
2830,1.3943465948104858,0.9845460057258606,0.8462782502174377,1.7142062187194824
2840,1.4977107048034668,1.3334319591522217,1.0008211135864258,1.7520411014556885
2850,1.559708833694458,1.1438268423080444,0.9650006890296936,1.7528982162475586
2860,1.40906822681427,1.0074561834335327,0.9811120629310608,1.897159218788147
2870,1.5229625701904297,1.1168643236160278,0.9864012002944946,1.9144076108932495
2880,1.3161273002624512,1.0500560998916626,0.8827036023139954,1.469865083694458
2890,1.3078773021697998,1.0477337837219238,0.8464754223823547,1.5651658773422241
2900,1.4363160133361816,1.1127307415008545,0.9023250341415405,1.648522138595581
2910,1.3435442447662354,1.0884582996368408,0.8923613429069519,1.634320855140686
2920,1.3872170448303223,1.0881435871124268,0.9635667204856873,1.82504403591156
2930,1.5563353300094604,1.149452805519104,0.90400230884552,1.5718517303466797
2940,1.5135414600372314,1.2297791242599487,0.9574023485183716,1.7326092720031738
2950,1.3449631929397583,1.216399073600769,0.9269335865974426,1.5367985963821411
2960,1.4274660348892212,1.1401984691619873,0.909818172454834,1.7152690887451172
2970,1.3917908668518066,1.0739506483078003,0.8764499425888062,1.6167855262756348
2980,1.4565725326538086,1.2044199705123901,0.9526423215866089,1.687989354133606
2990,1.4399449825286865,1.1126623153686523,0.902941882610321,1.6417559385299683
3000,1.4168369770050049,1.282912015914917,0.933057963848114,1.7427023649215698
3010,1.4838231801986694,1.1029467582702637,0.9429513216018677,1.8414758443832397
3020,1.272020697593689,1.0943596363067627,0.8824688792228699,1.6416430473327637
3030,1.456887125968933,1.2145994901657104,0.9011313319206238,1.6549066305160522
3040,1.398314356803894,1.2358617782592773,0.9513452649116516,1.7987937927246094
3050,1.4584699869155884,1.1833338737487793,0.9733054041862488,1.8019527196884155
3060,1.358711838722229,1.0096435546875,0.8769479393959045,1.532114028930664
3070,1.3836110830307007,1.0521053075790405,0.9457802772521973,1.8015087842941284
3080,1.381595253944397,1.0704147815704346,0.9050860404968262,1.642356038093567
3090,1.4391615390777588,1.1787914037704468,0.976675808429718,1.9101697206497192
3100,1.5173200368881226,1.1075981855392456,0.9958065152168274,1.9322527647018433
3110,1.4310301542282104,1.1871439218521118,0.929872989654541,1.7122204303741455
3120,1.3700613975524902,1.1159919500350952,0.9190273284912109,1.6927976608276367
3130,1.5227893590927124,1.240217924118042,0.9868292808532715,1.7091480493545532
3140,1.4115831851959229,1.0845147371292114,0.9562279582023621,1.7278870344161987
3150,1.2578911781311035,1.1169995069503784,0.8650970458984375,1.5983922481536865
3160,1.4106494188308716,1.1650151014328003,0.8997542262077332,1.5825985670089722
3170,1.4224483966827393,1.1403472423553467,0.9245797991752625,1.6531344652175903
3180,1.4823966026306152,1.323944091796875,0.9861186146736145,1.7515816688537598
3190,1.4009761810302734,1.1652601957321167,1.01105535030365,1.7022833824157715
3200,1.3941045999526978,1.1406340599060059,0.9056756496429443,1.6806408166885376
3210,1.2925900220870972,1.0888928174972534,0.9309768676757812,1.7199159860610962
3220,1.4336130619049072,1.1833456754684448,0.9448401927947998,1.7263339757919312
3230,1.4738380908966064,1.211777925491333,0.9483235478401184,1.7925944328308105
3240,1.554992914199829,1.2626854181289673,1.0012178421020508,1.8898850679397583
3250,1.3623895645141602,1.161178469657898,0.9011900424957275,1.5995619297027588
3260,1.2866209745407104,1.041208267211914,0.881987452507019,1.5698837041854858
3270,1.5419681072235107,1.232871651649475,1.00180983543396,1.8885444402694702
3280,1.2988373041152954,1.0007214546203613,0.8671346306800842,1.586230754852295
3290,1.3995240926742554,1.1962335109710693,0.9378575682640076,1.633487343788147
3300,1.4562952518463135,1.191630244255066,0.901378870010376,1.5659946203231812
3310,1.4671493768692017,1.3075659275054932,1.0028492212295532,1.4922945499420166
3320,1.370887279510498,1.0494226217269897,0.8974988460540771,1.6648727655410767
3330,1.4710114002227783,1.2155216932296753,0.930282473564148,1.7485281229019165
3340,1.2620611190795898,1.1457324028015137,0.9058461785316467,1.566537618637085
3350,1.3747977018356323,1.162771224975586,0.9259203672409058,1.701187252998352
3360,1.3352707624435425,1.0667498111724854,0.8915879130363464,1.6083438396453857
3370,1.4717386960983276,1.2910350561141968,1.0018314123153687,1.7557893991470337
3380,1.336888313293457,1.1708085536956787,0.8937064409255981,1.7458196878433228
3390,1.2911545038223267,1.0502339601516724,0.9348241686820984,1.696867823600769
3400,1.368847131729126,1.1705185174942017,0.9684041142463684,1.7197116613388062
3410,1.3614912033081055,1.066663146018982,1.0017658472061157,1.813389778137207
3420,1.4303277730941772,1.0679548978805542,0.8782076835632324,1.6062880754470825
3430,1.3737186193466187,1.1627061367034912,0.9411768317222595,1.72355055809021
3440,1.328281044960022,1.148530125617981,0.9283351898193359,1.792262315750122
3450,1.3541382551193237,1.1990097761154175,0.9816713929176331,1.7070801258087158
3460,1.4374711513519287,1.1685829162597656,0.9281154870986938,1.8470062017440796
3470,1.421452522277832,1.0947797298431396,0.9232598543167114,1.7400469779968262
3480,1.3669276237487793,1.0053783655166626,0.8960850834846497,1.6306118965148926
3490,1.4258090257644653,1.1203447580337524,0.920452892780304,1.8379353284835815
3500,1.4226930141448975,1.1341673135757446,0.9601689577102661,1.7412515878677368
3510,1.4539295434951782,1.1421993970870972,0.9757354855537415,1.810936450958252
3520,1.3502672910690308,1.2183740139007568,0.896624743938446,1.7301114797592163
3530,1.452003836631775,1.2862532138824463,0.9646028280258179,1.8341096639633179
3540,1.5317234992980957,1.3173877000808716,0.9958281517028809,1.8701914548873901
3550,1.358121633529663,1.116477370262146,0.9352616667747498,1.6777234077453613
3560,1.249144196510315,1.0591810941696167,0.926298975944519,1.7370295524597168
3570,1.5092415809631348,1.1582063436508179,0.9916884899139404,1.8077584505081177
3580,1.467414140701294,1.1735528707504272,0.9755549430847168,1.7605704069137573
3590,1.4131784439086914,1.0847532749176025,0.9896178245544434,1.812311053276062
3600,1.599634051322937,1.2847967147827148,1.022969365119934,2.0416245460510254
3610,1.4014077186584473,1.163104772567749,0.9479457139968872,1.6455423831939697
3620,1.4225757122039795,1.2546310424804688,0.94789057970047,1.7235742807388306
3630,1.29491126537323,1.036338448524475,0.8699319362640381,1.7268157005310059
3640,1.6064258813858032,1.2450777292251587,1.043129324913025,2.0408616065979004
3650,1.4369864463806152,1.156360387802124,0.9571996927261353,1.7726675271987915
3660,1.3366683721542358,1.0285650491714478,0.9024173617362976,1.6889768838882446
3670,1.5244464874267578,1.1279865503311157,0.9854141473770142,1.795828938484192
3680,1.5653232336044312,1.25688898563385,1.013295292854309,1.9023840427398682
3690,1.5305532217025757,1.1262686252593994,0.9557512402534485,1.8195111751556396
3700,1.526214361190796,1.1743403673171997,0.9436906576156616,1.5874019861221313
3710,1.509684681892395,1.2396247386932373,1.034691333770752,1.963000774383545
3720,1.3466089963912964,1.1039642095565796,0.9274523854255676,1.697283387184143
3730,1.6131330728530884,1.332047462463379,1.064878225326538,1.8424571752548218
3740,1.2692641019821167,1.0206494331359863,0.861642599105835,1.6935375928878784
3750,1.3146249055862427,1.2169862985610962,0.9592159390449524,1.7867836952209473
3760,1.355939269065857,1.1929265260696411,0.9309712648391724,1.7169325351715088
3770,1.4115890264511108,1.1287740468978882,0.9477617144584656,1.8713326454162598
3780,1.5315735340118408,1.2140069007873535,0.9789116382598877,2.0312998294830322
3790,1.455053448677063,1.1543424129486084,0.9810590147972107,1.7119065523147583
3800,1.4167003631591797,1.202794075012207,1.0097897052764893,1.83749258518219
3810,1.4430198669433594,1.273634910583496,1.0149668455123901,1.9750030040740967
3820,1.3116434812545776,1.262377142906189,0.9565732479095459,1.7270950078964233
3830,1.3400770425796509,1.128928303718567,0.899092972278595,1.814889907836914
3840,1.413252830505371,1.137781023979187,0.9701311588287354,1.944068431854248
3850,1.4422976970672607,1.0982455015182495,0.9655788540840149,1.8619141578674316
3860,1.436501383781433,1.2281098365783691,0.9951552748680115,1.7439218759536743
3870,1.1530218124389648,1.0972747802734375,0.8235496878623962,1.4121161699295044
3880,1.509141206741333,1.1099597215652466,0.945393443107605,1.764075517654419
3890,1.4341096878051758,1.2125844955444336,0.9425292611122131,1.7327146530151367
3900,1.4246985912322998,1.1144070625305176,0.9733239412307739,1.8647040128707886
3910,1.406988501548767,1.185239315032959,0.9350899457931519,1.8125979900360107
3920,1.5404586791992188,1.2716838121414185,1.0607835054397583,1.8869121074676514
3930,1.4216660261154175,1.2089600563049316,1.0055115222930908,1.9531582593917847
3940,1.4148993492126465,1.1483380794525146,0.9731951951980591,1.8651036024093628
3950,1.2202119827270508,1.0699684619903564,0.8919280171394348,1.632017970085144
3960,1.3114871978759766,1.1220961809158325,0.9655362963676453,1.7655322551727295
3970,1.450556993484497,1.286966323852539,0.94801926612854,1.79646897315979
3980,1.4916067123413086,1.262473225593567,0.9865874648094177,2.0322861671447754
3990,1.394250512123108,1.1022220849990845,0.9612287878990173,1.7539938688278198
4000,1.3693575859069824,1.0229402780532837,0.9476643800735474,1.7388203144073486
4010,1.4977936744689941,1.2475203275680542,1.0096430778503418,1.7015464305877686
4020,1.2706983089447021,1.0925052165985107,0.8791304230690002,1.729628086090088
4030,1.4351764917373657,1.1781833171844482,0.9844344258308411,1.9240235090255737
4040,1.445755124092102,1.1909794807434082,0.9792486429214478,1.9943422079086304
4050,1.4133391380310059,1.184876799583435,0.9607568979263306,1.753780722618103
4060,1.445033073425293,1.279276728630066,0.9984787702560425,1.7736703157424927
4070,1.4101723432540894,1.2015284299850464,0.920717179775238,1.7156057357788086
4080,1.3553154468536377,1.1153315305709839,0.9351819753646851,1.8257113695144653
4090,1.5264415740966797,1.138286828994751,0.9549883008003235,1.8719936609268188
4100,1.4059258699417114,1.1679651737213135,0.9427862763404846,1.9125646352767944
4110,1.5451563596725464,1.231446623802185,1.03246009349823,2.120605707168579
4120,1.4162192344665527,1.207921028137207,0.9696137309074402,1.7214423418045044
4130,1.410162091255188,1.1917855739593506,0.9900656342506409,1.9856215715408325
4140,1.3153769969940186,1.0491633415222168,0.925495982170105,1.706483244895935
4150,1.4588068723678589,1.217980980873108,1.030695915222168,1.924967885017395
4160,1.355798363685608,1.0635886192321777,0.9548326730728149,1.846836805343628
4170,1.4939088821411133,1.2440345287322998,0.987167477607727,1.8281399011611938
4180,1.500529170036316,1.2196590900421143,0.9511891007423401,1.905633807182312
4190,1.4217240810394287,1.172776222229004,1.0053514242172241,1.9060851335525513
4200,1.4665762186050415,1.1871474981307983,0.9605854153633118,1.781082272529602
4210,1.4848116636276245,1.2989354133605957,0.9915899038314819,2.0186405181884766
4220,1.3648316860198975,1.1657179594039917,0.9687530398368835,1.8001841306686401
4230,1.4708964824676514,1.2811726331710815,1.0208269357681274,1.867582082748413
4240,1.5061640739440918,1.4591054916381836,1.1163705587387085,2.1260743141174316
4250,1.357287883758545,1.1479206085205078,0.9351643323898315,1.775711178779602
4260,1.3092317581176758,1.0568076372146606,0.8649332523345947,1.5657176971435547
4270,1.4281034469604492,1.1647710800170898,0.956459641456604,1.9077914953231812
4280,1.4244765043258667,1.1599905490875244,1.0070914030075073,1.8786627054214478
4290,1.3393908739089966,1.1169360876083374,0.8740043044090271,1.6843006610870361
4300,1.4080389738082886,1.1654443740844727,0.9451161623001099,1.7708678245544434
4310,1.5346266031265259,1.347469687461853,1.056403398513794,2.1642630100250244
4320,1.3647538423538208,1.1907609701156616,0.9613680839538574,1.8128422498703003
4330,1.3485426902770996,1.2255738973617554,0.9442389607429504,1.803875207901001
4340,1.2657605409622192,1.1806154251098633,0.9926837086677551,1.7184512615203857
4350,1.3637006282806396,1.1719862222671509,0.9109484553337097,1.587181806564331
4360,1.5206159353256226,1.2075878381729126,1.0557307004928589,2.0289154052734375
4370,1.4615325927734375,1.3231556415557861,0.9819165468215942,1.7667425870895386
4380,1.4030070304870605,1.265777349472046,0.9810611009597778,1.8719773292541504
4390,1.4411805868148804,1.1813246011734009,0.9839534759521484,2.0448098182678223
4400,1.4654595851898193,1.2449692487716675,1.0030826330184937,2.031916618347168
4410,1.4587514400482178,1.164920687675476,1.0017082691192627,1.9230444431304932
4420,1.4482753276824951,1.2677565813064575,0.9693989157676697,1.7636852264404297
4430,1.4225481748580933,1.1864668130874634,0.9900628328323364,1.901148796081543
4440,1.4103213548660278,1.2101637125015259,1.0120218992233276,2.0132453441619873
4450,1.3484184741973877,1.2218550443649292,0.9938029646873474,1.8499882221221924
4460,1.4099472761154175,1.166808009147644,0.9738974571228027,1.9536004066467285
4470,1.5139245986938477,1.316810131072998,0.9798460006713867,1.816210389137268
4480,1.3300230503082275,1.1220613718032837,0.9247725009918213,1.6475026607513428
4490,1.254995584487915,1.1471612453460693,0.9447456002235413,1.7065644264221191
4500,1.3606454133987427,1.2679295539855957,0.9955998659133911,1.8375506401062012
4510,1.1711735725402832,1.1563777923583984,0.9272361397743225,1.699181318283081
4520,1.4043031930923462,1.2167987823486328,0.9981763958930969,1.9331977367401123
4530,1.4276485443115234,1.1265850067138672,0.9984973669052124,1.9310673475265503
4540,1.4157752990722656,1.2055505514144897,0.9767367839813232,1.9253274202346802
4550,1.4036670923233032,1.2134078741073608,0.9806196689605713,1.9013526439666748
4560,1.3300873041152954,1.2413743734359741,1.041372537612915,1.9627376794815063
4570,1.5142766237258911,1.2679132223129272,1.0134286880493164,2.00592303276062
4580,1.3695838451385498,1.286523461341858,1.009987711906433,1.848226547241211
4590,1.4105212688446045,1.2086541652679443,0.9816892743110657,1.9164961576461792
4600,1.38810133934021,1.1841154098510742,0.9732871651649475,1.985864281654358
4610,1.4694727659225464,1.287532925605774,1.029166340827942,1.998617172241211
4620,1.5234174728393555,1.204656720161438,0.9871756434440613,2.003596305847168
4630,1.415073037147522,1.1446962356567383,0.9689247608184814,1.960273265838623
4640,1.4232357740402222,1.126671314239502,1.0078293085098267,1.8306251764297485
4650,1.4958720207214355,1.2311581373214722,1.0131665468215942,1.9886656999588013
4660,1.30219566822052,1.186915636062622,0.9356820583343506,1.8885983228683472
4670,1.3984158039093018,1.1387503147125244,1.0259242057800293,1.8462384939193726
4680,1.2747688293457031,1.162639856338501,0.9600979685783386,1.6836977005004883
4690,1.3864343166351318,1.2599986791610718,0.9936025142669678,1.9678306579589844
4700,1.491155743598938,1.379366159439087,1.0683945417404175,2.1976430416107178
4710,1.2317997217178345,1.1479490995407104,0.9634513854980469,1.7473329305648804
4720,1.3842966556549072,1.2050968408584595,0.9709139466285706,1.8605667352676392
4730,1.4422191381454468,1.2400856018066406,1.0142954587936401,1.9063811302185059
4740,1.2709293365478516,1.1229201555252075,0.8773632049560547,1.7621495723724365
4750,1.531123161315918,1.2109432220458984,1.0428403615951538,1.9219471216201782
4760,1.4435876607894897,1.2356215715408325,0.9999136924743652,2.0363011360168457
4770,1.2013579607009888,1.0108528137207031,0.8461002111434937,1.5535091161727905
4780,1.3535716533660889,1.1214255094528198,0.9568013548851013,1.8994545936584473
4790,1.3414433002471924,1.1807090044021606,0.956009566783905,1.8122825622558594
4800,1.4739716053009033,1.3317917585372925,1.0364774465560913,1.9174540042877197
4810,1.409717321395874,1.1375764608383179,1.0353496074676514,2.025176525115967
4820,1.4213002920150757,1.2421544790267944,1.0266857147216797,1.8744444847106934
4830,1.4776332378387451,1.2513507604599,1.0813169479370117,1.938319444656372
4840,1.3389300107955933,1.099523901939392,0.916494607925415,1.768579125404358
4850,1.453481674194336,1.2093690633773804,1.0285680294036865,1.979193091392517
4860,1.3974701166152954,1.1572074890136719,0.9498602747917175,1.7482585906982422
4870,1.1664001941680908,1.0819674730300903,0.9620976448059082,1.7594283819198608
4880,1.3117876052856445,1.1424192190170288,0.9176191687583923,1.6555606126785278
4890,1.4684746265411377,1.286789059638977,1.0120974779129028,2.048393964767456
4900,1.5050524473190308,1.2441962957382202,1.0405362844467163,2.1258111000061035
4910,1.5028634071350098,1.2332265377044678,0.9863671660423279,1.8020747900009155
4920,1.3018887042999268,1.2045605182647705,0.97776859998703,1.9527970552444458
4930,1.4788825511932373,1.2044909000396729,1.000495433807373,2.0755774974823
4940,1.3227955102920532,1.1541554927825928,0.966858983039856,1.8310598134994507
4950,1.45159113407135,1.3275374174118042,0.9682256579399109,1.9668830633163452
4960,1.2178163528442383,1.011634349822998,0.9160664081573486,1.7905091047286987
4970,1.3738129138946533,1.2973779439926147,1.0293591022491455,1.848482608795166
4980,1.280945062637329,1.1390316486358643,0.9072296619415283,1.760348916053772
4990,1.3176788091659546,1.1354339122772217,0.965540885925293,1.7255008220672607
5000,1.3562411069869995,1.1577562093734741,0.9794270992279053,1.938075065612793
5010,1.3000842332839966,1.1754459142684937,0.958755612373352,1.8113548755645752
5020,1.1940395832061768,1.0616226196289062,0.9202601909637451,1.7329250574111938
5030,1.3622556924819946,1.2502915859222412,1.0052902698516846,1.7382465600967407
5040,1.4972941875457764,1.2688751220703125,0.9988747239112854,1.952633261680603
5050,1.3662078380584717,1.1903483867645264,0.9262067079544067,2.049611806869507
5060,1.267363429069519,1.2074739933013916,0.9827282428741455,1.7914854288101196
5070,1.364080548286438,1.1041488647460938,0.979029655456543,1.806946039199829
5080,1.3368536233901978,1.1605473756790161,1.0165104866027832,1.852435827255249
5090,1.4231268167495728,1.2627216577529907,1.016014814376831,1.831113576889038
5100,1.247965693473816,1.1950507164001465,0.9717494249343872,1.7955420017242432
5110,1.4466307163238525,1.2578362226486206,1.0116608142852783,1.8590611219406128
5120,1.3031755685806274,1.200504183769226,1.0122572183609009,1.934995174407959
5130,1.347540259361267,1.102441430091858,0.9334443807601929,1.8967176675796509
5140,1.3210676908493042,1.1323193311691284,0.986823320388794,1.8086061477661133
5150,1.304839849472046,1.1397186517715454,0.9269492626190186,1.8182611465454102
5160,1.4114890098571777,1.1753121614456177,0.9766716361045837,1.9203479290008545
5170,1.3661329746246338,1.2198578119277954,0.9691575765609741,1.9500356912612915
5180,1.4753613471984863,1.349367618560791,0.9841558933258057,1.99148428440094
5190,1.4461464881896973,1.2213211059570312,0.9905308485031128,2.027188539505005
5200,1.3080264329910278,1.165539026260376,0.9381131529808044,1.811883568763733
5210,1.2558618783950806,1.1986593008041382,0.9152339696884155,1.6131879091262817
5220,1.4234896898269653,1.2399964332580566,0.9339413642883301,1.8078997135162354
5230,1.3858858346939087,1.2280356884002686,1.0230225324630737,1.8080947399139404
5240,1.4874299764633179,1.29903244972229,1.0359656810760498,2.0995712280273438
5250,1.312865138053894,1.1462550163269043,0.9250009655952454,1.9088881015777588
5260,1.4005924463272095,1.241895079612732,0.9456558227539062,1.797734260559082
5270,1.3923513889312744,1.0879719257354736,0.9417388439178467,1.828076720237732
5280,1.4223335981369019,1.2071036100387573,1.0326664447784424,1.9914547204971313
5290,1.2885072231292725,1.2279846668243408,0.9755949974060059,1.8207378387451172
5300,1.4428603649139404,1.2624332904815674,1.002524733543396,1.8790550231933594
5310,1.4234709739685059,1.2534856796264648,1.0047985315322876,1.9004422426223755
5320,1.3813849687576294,1.206473469734192,0.9677808880805969,1.8071379661560059
5330,1.4788165092468262,1.3200154304504395,1.0900543928146362,2.3252153396606445
5340,1.3369109630584717,1.2550795078277588,0.989922046661377,1.9086517095565796
5350,1.4156149625778198,1.349985957145691,1.0715473890304565,2.082087516784668
5360,1.224179983139038,1.0915381908416748,0.9774789810180664,1.8410524129867554
5370,1.3956704139709473,1.211868166923523,1.0103509426116943,1.9312463998794556
5380,1.4028418064117432,1.3105915784835815,1.0040630102157593,1.8637640476226807
5390,1.4164631366729736,1.1850013732910156,1.1111905574798584,2.262326240539551
5400,1.428749442100525,1.2487828731536865,1.0141987800598145,2.081296682357788
5410,1.3039886951446533,1.0434162616729736,0.9341246485710144,1.7164220809936523
5420,1.3918259143829346,1.242889404296875,1.0203479528427124,2.0305609703063965
5430,1.3163065910339355,1.1581447124481201,1.0191706418991089,1.7600326538085938
5440,1.3270235061645508,1.3410944938659668,0.936450183391571,1.7588225603103638
5450,1.2657384872436523,1.1401032209396362,0.982406735420227,1.8736615180969238
5460,1.4986565113067627,1.2320928573608398,1.0064947605133057,2.0786354541778564
5470,1.2730942964553833,1.0505260229110718,0.9436430335044861,1.8609462976455688
5480,1.3566313982009888,1.2313569784164429,0.9939618110656738,1.844927191734314
5490,1.2996172904968262,1.2149707078933716,0.9722936153411865,1.9723445177078247
5500,1.307497501373291,1.1498088836669922,1.012402892112732,1.917850136756897
5510,1.245492935180664,1.2613723278045654,0.9617435336112976,1.78815758228302
5520,1.2969781160354614,1.311374306678772,0.9870225191116333,1.7390291690826416
5530,1.2799627780914307,1.1665393114089966,0.972589373588562,1.823982834815979
5540,1.2803820371627808,1.1783461570739746,1.010872483253479,2.0504236221313477
5550,1.291717290878296,1.1996853351593018,1.0376429557800293,1.9503329992294312
5560,1.3754223585128784,1.2386910915374756,1.0239115953445435,1.9311333894729614
5570,1.4828770160675049,1.237972617149353,1.0302156209945679,1.7926640510559082
5580,1.2692525386810303,1.1726393699645996,1.0524441003799438,2.0449306964874268
5590,1.3453205823898315,1.1457127332687378,0.9945828914642334,1.8481807708740234
5600,1.3143539428710938,1.199517846107483,0.9519468545913696,1.8730604648590088
5610,1.4122884273529053,1.3422894477844238,1.0766836404800415,1.9452934265136719
5620,1.315198302268982,1.1201412677764893,0.9472823739051819,1.8566421270370483
5630,1.463550090789795,1.2800147533416748,1.040284276008606,1.9752081632614136
5640,1.4045462608337402,1.3451398611068726,1.0369598865509033,1.8792309761047363
5650,1.2901488542556763,1.1980596780776978,0.9576007723808289,1.8441029787063599
5660,1.3267443180084229,1.1469990015029907,0.9964110255241394,1.7979109287261963
5670,1.5164830684661865,1.4175455570220947,1.1214789152145386,2.1989054679870605
5680,1.3712353706359863,1.2840449810028076,1.0345350503921509,1.9077430963516235
5690,1.3133562803268433,1.1856577396392822,0.927950382232666,1.8037660121917725
5700,1.2951328754425049,1.161032795906067,0.9636054635047913,1.7520360946655273
5710,1.3921071290969849,1.340661644935608,1.0658477544784546,2.025705099105835
5720,1.3592256307601929,1.2225558757781982,1.0121688842773438,1.9775679111480713
5730,1.2984936237335205,1.117552638053894,0.9596081972122192,1.8953508138656616
5740,1.1706784963607788,1.1191325187683105,0.9557379484176636,1.7021478414535522
5750,1.3778303861618042,1.2805720567703247,1.0050517320632935,1.9383314847946167
5760,1.4116954803466797,1.2047840356826782,1.019813895225525,1.9135735034942627
5770,1.3870652914047241,1.201829433441162,1.0105421543121338,2.128344774246216
5780,1.413339614868164,1.1732779741287231,0.9908431768417358,1.9539390802383423
5790,1.362230658531189,1.1551487445831299,1.011888027191162,1.9206005334854126
5800,1.2063695192337036,1.040595293045044,0.9306146502494812,1.7349401712417603
5810,1.2503962516784668,1.0678049325942993,1.006295919418335,1.7953362464904785
5820,1.3509125709533691,1.2199584245681763,0.9371495246887207,1.856870174407959
5830,1.372027039527893,1.3149895668029785,1.089341402053833,1.9637047052383423
5840,1.5110653638839722,1.2895866632461548,1.1609174013137817,2.193044424057007
5850,1.374169111251831,1.2850213050842285,1.0110292434692383,1.9131931066513062
5860,1.2988789081573486,1.1952611207962036,0.9780697226524353,2.023672580718994
5870,1.5269689559936523,1.3314694166183472,1.1079288721084595,2.2239584922790527
5880,1.249936580657959,1.0070549249649048,0.96137934923172,1.7925533056259155
5890,1.5254263877868652,1.3369377851486206,1.1001818180084229,2.057894229888916
5900,1.3562605381011963,1.1237531900405884,1.048032283782959,2.007289409637451
5910,1.3249300718307495,1.1431885957717896,0.9761322140693665,1.9052937030792236
5920,1.3127151727676392,1.2844839096069336,1.0598949193954468,2.0565125942230225
5930,1.3675836324691772,1.2754607200622559,1.0308393239974976,1.9577007293701172
5940,1.4132438898086548,1.3092139959335327,0.9962249398231506,1.9828952550888062
5950,1.2748326063156128,1.2029521465301514,0.9459294080734253,1.8906521797180176
5960,1.3524826765060425,1.192036747932434,0.9989352226257324,1.977974772453308
5970,1.4234720468521118,1.2805824279785156,1.0750346183776855,2.1657052040100098
5980,1.3695200681686401,1.3342046737670898,1.0492606163024902,1.9896568059921265
5990,1.380570411682129,1.2608848810195923,1.0486655235290527,2.1029775142669678
6000,1.4068527221679688,1.2072458267211914,1.0024772882461548,1.9328672885894775
6010,1.325129508972168,1.2822200059890747,1.0409924983978271,1.9036130905151367
6020,1.1045312881469727,1.1180579662322998,0.9516386389732361,1.6733253002166748
6030,1.3237673044204712,1.1046552658081055,0.9424740076065063,2.011228322982788
6040,1.2362293004989624,1.2534606456756592,0.9955251812934875,1.9867579936981201
6050,1.4614123106002808,1.3347725868225098,1.0753941535949707,1.9843828678131104
6060,1.2196835279464722,1.1045069694519043,0.9385004639625549,1.7678487300872803
6070,1.3766629695892334,1.24363374710083,1.0368317365646362,1.9698759317398071
6080,1.1903367042541504,1.116452932357788,0.9244903326034546,1.952049732208252
6090,1.2211265563964844,1.034131646156311,0.9738349318504333,1.812364935874939
6100,1.2653251886367798,1.0369278192520142,0.9787227511405945,1.8481721878051758
6110,1.466761827468872,1.2616331577301025,1.0763001441955566,2.0590012073516846
6120,1.3135437965393066,1.3162509202957153,1.1066834926605225,2.0835070610046387
6130,1.2131379842758179,1.0446722507476807,0.8959516286849976,1.8737317323684692
6140,1.4840306043624878,1.2316497564315796,1.0874522924423218,2.044780731201172
6150,1.3100041151046753,1.095495343208313,0.9703289270401001,1.6413323879241943
6160,1.2448285818099976,1.1300570964813232,0.9745354056358337,1.8792921304702759
6170,1.4442837238311768,1.3824375867843628,1.075703501701355,2.061292886734009
6180,1.2618505954742432,1.0788259506225586,0.9343351125717163,1.8913193941116333
6190,1.3066895008087158,1.209383487701416,0.9934281706809998,1.786486268043518
6200,1.465301513671875,1.2729188203811646,1.0563650131225586,1.9177955389022827
6210,1.3728662729263306,1.4022070169448853,1.0515598058700562,1.7624927759170532
6220,1.4120298624038696,1.3026286363601685,1.0284157991409302,2.102788209915161
6230,1.2970138788223267,1.2855960130691528,1.0056840181350708,1.9200505018234253
6240,1.3449651002883911,1.175483226776123,0.9556678533554077,1.8528233766555786
6250,1.2453895807266235,1.183969259262085,0.9823103547096252,1.7382447719573975
6260,1.2363108396530151,1.181056022644043,0.9658782482147217,1.6975371837615967
6270,1.4351505041122437,1.2059601545333862,1.0241851806640625,1.9038777351379395
6280,1.2550841569900513,1.0638575553894043,1.0030522346496582,1.8326889276504517
6290,1.3849235773086548,1.3550221920013428,0.991942286491394,1.9530739784240723
6300,1.3040313720703125,1.2741457223892212,1.036377191543579,2.0045225620269775
6310,1.4356968402862549,1.2033162117004395,1.0917890071868896,2.0435078144073486
6320,1.2548514604568481,1.1873596906661987,0.9701712727546692,1.7135522365570068
6330,1.4826714992523193,1.2584284543991089,1.0251786708831787,1.8499789237976074
6340,1.332804560661316,1.189792275428772,0.9930382966995239,1.8977142572402954
6350,1.272349238395691,1.1110775470733643,0.9993054270744324,1.7879287004470825
6360,1.3947077989578247,1.2111194133758545,0.9919716715812683,1.9284685850143433
6370,1.2645156383514404,1.143296480178833,0.9753147959709167,1.7962114810943604
6380,1.298705816268921,1.2042322158813477,0.9251884818077087,1.774950385093689
6390,1.2640304565429688,1.2313308715820312,0.9967193603515625,1.7556108236312866
6400,1.2765990495681763,1.1668014526367188,0.9655847549438477,1.588593602180481
6410,1.3190839290618896,1.1892095804214478,1.0224597454071045,1.846724271774292
6420,1.397281289100647,1.2240619659423828,1.0301412343978882,1.9050673246383667
6430,1.4153741598129272,1.3686761856079102,1.0820109844207764,1.960431456565857
6440,1.2341021299362183,1.1151821613311768,0.9873009324073792,1.6499651670455933
6450,1.2417848110198975,1.3336039781570435,0.974118709564209,1.7007596492767334
6460,1.1940040588378906,1.0530205965042114,0.9208192229270935,1.677638292312622
6470,1.326857566833496,1.0179682970046997,0.9500308632850647,1.7115330696105957
6480,1.2600457668304443,1.1653461456298828,0.9814618825912476,1.7402517795562744
6490,1.3208950757980347,1.1722078323364258,0.9824292659759521,1.8760366439819336
6500,1.2700937986373901,1.0906994342803955,0.9686053991317749,1.7431614398956299
6510,1.1853021383285522,1.1828045845031738,0.9963329434394836,1.8901660442352295
6520,1.2999982833862305,1.1263149976730347,0.9566879868507385,1.9734411239624023
6530,1.301918387413025,1.1747440099716187,1.020947813987732,1.6490187644958496
6540,1.271527886390686,1.288871169090271,0.9721226096153259,1.7551556825637817
6550,1.2711519002914429,1.1580934524536133,0.9398813843727112,1.808054804801941
6560,1.157819151878357,1.122057318687439,0.9478746652603149,1.6138972043991089
6570,1.3682801723480225,1.2012044191360474,1.0588322877883911,1.8764760494232178
6580,1.24923574924469,1.1524473428726196,0.9756712913513184,1.8237366676330566
6590,1.412468433380127,1.298348307609558,1.1037812232971191,1.9089711904525757
6600,1.322839379310608,1.2263033390045166,0.9717804789543152,1.9090806245803833
6610,1.3084245920181274,1.1209371089935303,1.004848837852478,1.8501956462860107
6620,1.251501441001892,1.1620172262191772,0.9182174205780029,1.6883362531661987
6630,1.175249695777893,1.1213343143463135,0.9609448909759521,1.6300190687179565
6640,1.419409990310669,1.2264131307601929,1.021169662475586,2.0907933712005615
6650,1.4717148542404175,1.2264796495437622,0.999032735824585,1.9571754932403564
6660,1.2923105955123901,1.2250627279281616,0.9133841395378113,1.6793016195297241
6670,1.257291555404663,1.2404215335845947,0.9971447587013245,1.8144304752349854
6680,1.351606845855713,1.255545735359192,1.0049479007720947,1.7785632610321045
6690,1.292346715927124,1.1921120882034302,0.9376491904258728,1.8520373106002808
6700,1.2654904127120972,1.2735483646392822,0.9804664254188538,1.658308744430542
6710,1.3959649801254272,1.212890625,0.9984908699989319,1.7200099229812622
6720,1.2762398719787598,1.2816441059112549,0.9855687022209167,1.985573410987854
6730,1.3260349035263062,1.3413761854171753,1.0584535598754883,1.7136176824569702
6740,1.2395143508911133,1.089186668395996,0.8859238624572754,1.6965022087097168
6750,1.3896160125732422,1.4096542596817017,1.0603158473968506,1.9372068643569946
6760,1.372241497039795,1.3220311403274536,1.005133867263794,1.92073655128479
6770,1.423745036125183,1.2547426223754883,0.9928199052810669,1.8667880296707153
6780,1.3175625801086426,1.163333773612976,0.9635795950889587,1.904036521911621
6790,1.2931751012802124,1.2408850193023682,0.9787434339523315,1.7158194780349731
6800,1.2293438911437988,1.2577589750289917,0.9914695024490356,1.745105504989624
6810,1.334092378616333,1.293562412261963,1.0199151039123535,1.7588567733764648
6820,1.3233165740966797,1.1796953678131104,0.9866761565208435,1.8190428018569946
6830,1.2206073999404907,1.1925796270370483,0.9207478761672974,1.6376073360443115
6840,1.4079910516738892,1.1618244647979736,1.041155219078064,1.8118091821670532
6850,1.3056151866912842,1.149773359298706,0.9699764847755432,1.7518243789672852
6860,1.4878140687942505,1.4066201448440552,1.1138592958450317,2.136898994445801
6870,1.356184720993042,1.215140700340271,1.0069233179092407,1.8650418519973755
6880,1.1720439195632935,1.1309305429458618,0.9017102718353271,1.610710620880127
6890,1.271246314048767,1.1364727020263672,0.9796109199523926,1.8523372411727905
6900,1.3686065673828125,1.3668802976608276,1.088584065437317,2.0425963401794434
6910,1.3184210062026978,1.3071292638778687,0.9938647150993347,1.8459798097610474
6920,1.3869048357009888,1.2214444875717163,0.9831282496452332,1.8405439853668213
6930,1.2474654912948608,1.2859119176864624,1.0004794597625732,1.8584977388381958
6940,1.2908406257629395,1.153976559638977,1.003771424293518,1.8879218101501465
6950,1.3027700185775757,1.2090173959732056,1.0078121423721313,1.8973201513290405
6960,1.2369745969772339,1.151562213897705,0.933731198310852,1.7373160123825073
6970,1.27789306640625,1.2124521732330322,0.9591277837753296,1.9182320833206177
6980,1.376023769378662,1.2899430990219116,1.0363924503326416,2.167653799057007
6990,1.3317134380340576,1.4105569124221802,1.0801911354064941,1.9925925731658936
7000,1.2932759523391724,1.270335078239441,1.0274088382720947,1.9237700700759888
7010,1.3445298671722412,1.377655029296875,1.0586166381835938,1.7925286293029785
7020,1.2811312675476074,1.3278528451919556,1.0233982801437378,2.013023853302002
7030,1.3261109590530396,1.259394645690918,0.9755975008010864,1.8072484731674194
7040,1.2832759618759155,1.1696922779083252,0.9520760774612427,1.8257999420166016
7050,1.2098621129989624,1.143593668937683,0.9700927734375,1.7783087491989136
7060,1.3258317708969116,1.191288948059082,0.9889539480209351,1.7784277200698853
7070,1.175319790840149,1.1483087539672852,0.974154531955719,1.6464054584503174
7080,1.3370075225830078,1.1813254356384277,0.9567776322364807,1.9569816589355469
7090,1.4430203437805176,1.1905765533447266,1.0532681941986084,1.9635785818099976
7100,1.179362177848816,1.0246778726577759,0.9740814566612244,1.6415722370147705
7110,1.33085298538208,1.2256882190704346,1.0256706476211548,1.955073595046997
7120,1.3088688850402832,1.2299461364746094,0.9560185074806213,1.8407751321792603
7130,1.2529449462890625,1.1869451999664307,0.9575985074043274,1.8042274713516235
7140,1.3146854639053345,1.2248307466506958,0.9727956652641296,1.8519070148468018
7150,1.3485832214355469,1.2511866092681885,0.9825695157051086,1.8969974517822266
7160,1.100164771080017,1.1518034934997559,0.9674664735794067,1.7064591646194458
7170,1.3721169233322144,1.3049851655960083,1.0583266019821167,1.9729996919631958
7180,1.3544820547103882,1.3068299293518066,0.9451103806495667,1.8937458992004395
7190,1.2708410024642944,1.1836172342300415,1.0008158683776855,1.8403146266937256
7200,1.3215826749801636,1.3415814638137817,1.0517699718475342,1.9491382837295532
7210,1.3130064010620117,1.1535162925720215,0.9855115413665771,1.793940544128418
7220,1.2856922149658203,1.1317236423492432,0.9626860022544861,1.8755189180374146
7230,1.407132625579834,1.3844021558761597,1.1076890230178833,1.93490731716156
7240,1.3779082298278809,1.3373788595199585,1.122764229774475,2.08211088180542
7250,1.280511736869812,1.3617535829544067,1.037489891052246,1.9042109251022339
7260,1.4606044292449951,1.326895833015442,1.1010017395019531,1.895054578781128
7270,1.3860301971435547,1.2086634635925293,1.0463939905166626,1.9720759391784668
7280,1.1470457315444946,1.0837122201919556,0.940058708190918,1.722041130065918
7290,1.2849130630493164,1.1687690019607544,0.9234578609466553,1.7066494226455688
7300,1.3481634855270386,1.444985032081604,1.0617663860321045,1.9509342908859253
7310,1.4057890176773071,1.299623966217041,1.097105860710144,1.8970599174499512
7320,1.2485920190811157,1.0622512102127075,0.9592159986495972,1.6983156204223633
7330,1.4017916917800903,1.3701775074005127,1.069446086883545,1.8316941261291504
7340,1.4301517009735107,1.3333503007888794,1.0590132474899292,2.0106043815612793
7350,1.3276958465576172,1.3248271942138672,1.0325877666473389,1.8681691884994507
7360,1.3976112604141235,1.2578240633010864,1.0399013757705688,1.911496877670288
7370,1.2404557466506958,1.175622820854187,0.9704374074935913,1.6098904609680176
7380,1.2373868227005005,1.1879792213439941,1.0213134288787842,1.8487863540649414
7390,1.3605098724365234,1.3103210926055908,1.0139058828353882,2.0077755451202393
7400,1.2764813899993896,1.2019044160842896,0.986246645450592,1.908085823059082
7410,1.3431401252746582,1.227278470993042,1.046215534210205,1.9955542087554932
7420,1.370574951171875,1.2369496822357178,1.0218883752822876,1.8518493175506592
7430,1.2101143598556519,1.141844391822815,1.0294958353042603,1.8076534271240234
7440,1.3856784105300903,1.210612416267395,0.991401195526123,1.835352897644043
7450,1.3418471813201904,1.2625861167907715,1.0069860219955444,1.8232290744781494
7460,1.532914638519287,1.4517793655395508,1.1645938158035278,2.14675235748291
7470,1.3408175706863403,1.150416374206543,1.0080393552780151,1.9266749620437622
7480,1.1971313953399658,1.1762967109680176,0.9880776405334473,1.903188943862915
7490,1.2555962800979614,1.1733087301254272,1.0034468173980713,1.7407984733581543
7500,1.371762990951538,1.2777727842330933,1.0707204341888428,1.9919012784957886
7510,1.3499400615692139,1.171347737312317,0.9742594957351685,1.8494508266448975
7520,1.4173165559768677,1.333817958831787,1.027540922164917,2.053189992904663
7530,1.2640380859375,1.2872560024261475,1.0348371267318726,1.7256723642349243
7540,1.328218936920166,1.2001687288284302,0.9865132570266724,1.877561330795288
7550,1.1534287929534912,1.131225347518921,0.9159864187240601,1.7475448846817017
7560,1.2675660848617554,1.206534743309021,0.9532662630081177,1.8391201496124268
7570,1.322158932685852,1.1851428747177124,0.9553958177566528,1.7847130298614502
7580,1.3196536302566528,1.4279282093048096,1.0572471618652344,2.098177671432495
7590,1.345179796218872,1.2410640716552734,1.054389238357544,2.138390064239502
7600,1.3326786756515503,1.2678338289260864,1.0223402976989746,1.911482572555542
7610,1.275855541229248,1.2144577503204346,1.02834153175354,1.8199647665023804
7620,1.3043652772903442,1.1840676069259644,0.9933156967163086,1.840720534324646
7630,1.3922932147979736,1.2324614524841309,1.1059989929199219,2.0668468475341797
7640,1.2476850748062134,1.1495401859283447,0.9193381071090698,1.7819161415100098
7650,1.2958707809448242,1.20707368850708,1.0116747617721558,1.7502411603927612
7660,1.3592442274093628,1.3665924072265625,1.073760986328125,1.925553560256958
7670,1.2926907539367676,1.1037501096725464,0.9222425222396851,1.7006258964538574
7680,1.4107266664505005,1.1848328113555908,1.0344237089157104,1.8795182704925537
7690,1.1535284519195557,1.1439048051834106,0.9735888242721558,1.64715576171875
7700,1.3968944549560547,1.304509162902832,1.0520390272140503,1.907293677330017
7710,1.4107043743133545,1.3736032247543335,1.097512125968933,2.1094155311584473
7720,1.2775344848632812,1.2588179111480713,1.0231564044952393,2.0250864028930664
7730,1.2649794816970825,1.2157659530639648,1.005001187324524,1.8619881868362427
7740,1.2768305540084839,1.3074913024902344,1.0571993589401245,1.8557581901550293
7750,1.3617944717407227,1.2686015367507935,1.0005619525909424,1.9514989852905273
7760,1.2974425554275513,1.2319210767745972,0.9839370250701904,1.7093325853347778
7770,1.2521950006484985,1.2039105892181396,0.9539100527763367,1.56309175491333
7780,1.3286188840866089,1.326610803604126,1.0214099884033203,1.861289620399475
7790,1.3496862649917603,1.1611396074295044,1.0330859422683716,1.9472655057907104
7800,1.2513850927352905,1.047800898551941,0.9693281054496765,1.6902239322662354
7810,1.3588982820510864,1.3189457654953003,1.0089737176895142,1.7712409496307373
7820,1.2330402135849,1.2454721927642822,1.0270586013793945,1.7595564126968384
7830,1.4010009765625,1.3622891902923584,1.0545347929000854,1.8980826139450073
7840,1.3332469463348389,1.1923786401748657,0.9922904968261719,1.735947608947754
7850,1.306411862373352,1.1566710472106934,0.9307124614715576,1.7943305969238281
7860,1.3785338401794434,1.279184103012085,1.045491099357605,1.8830500841140747
7870,1.2337251901626587,1.1615614891052246,1.0044485330581665,1.7452927827835083
7880,1.2359031438827515,1.1612474918365479,0.9776754379272461,1.8186858892440796
7890,1.283972144126892,1.2458823919296265,1.024666666984558,1.982534408569336
7900,1.3438630104064941,1.2203166484832764,0.9682369828224182,1.7541993856430054
7910,1.237829566001892,1.1097068786621094,0.9675484895706177,1.8451433181762695
7920,1.3260951042175293,1.2890197038650513,1.0953118801116943,1.9108158349990845
7930,1.247005820274353,1.1196411848068237,0.9731376767158508,1.809408187866211
7940,1.3546276092529297,1.2132866382598877,0.939896821975708,1.8857961893081665
7950,1.5368432998657227,1.3091764450073242,1.078865647315979,2.1450560092926025
7960,1.3251971006393433,1.2409858703613281,0.9838426113128662,1.8811187744140625
7970,1.3847243785858154,1.1437526941299438,1.028087854385376,1.815927267074585
7980,1.3971823453903198,1.3401002883911133,1.0909502506256104,1.927404522895813
7990,1.302987813949585,1.303114891052246,1.0377027988433838,1.8860504627227783
8000,1.288223147392273,1.2569764852523804,0.9842838048934937,1.9017847776412964
8010,1.256514072418213,1.261434555053711,1.029106616973877,1.9920203685760498
8020,1.3722577095031738,1.2460691928863525,1.1001843214035034,2.0940682888031006
8030,1.3472057580947876,1.2801527976989746,1.042098045349121,1.9364513158798218
8040,1.3492412567138672,1.2959675788879395,1.032962441444397,1.7975832223892212
8050,1.366243600845337,1.2424161434173584,1.0017516613006592,1.9102935791015625
8060,1.2694772481918335,1.219336748123169,0.9853062629699707,1.7628121376037598
8070,1.4019362926483154,1.2504663467407227,1.0245583057403564,1.792618989944458
8080,1.196382999420166,1.0822997093200684,0.9629534482955933,1.6877521276474
8090,1.3169164657592773,1.2338708639144897,0.9663748145103455,1.9203883409500122
8100,1.4373650550842285,1.3856650590896606,1.070326566696167,2.070443630218506
8110,1.2762131690979004,1.2591780424118042,0.9884856939315796,1.9465696811676025
8120,1.364261269569397,1.3038890361785889,1.066825032234192,1.805946946144104
8130,1.2322146892547607,1.156915545463562,0.9820955395698547,1.751067876815796
8140,1.1616065502166748,1.1713740825653076,0.9632094502449036,1.7537448406219482
8150,1.250480055809021,1.142835259437561,0.9927175641059875,1.7993396520614624
8160,1.3113720417022705,1.2854074239730835,1.0872557163238525,1.9868552684783936
8170,1.308826208114624,1.251747488975525,0.9510504007339478,1.6038321256637573
8180,1.3131484985351562,1.2543683052062988,1.005078911781311,1.727958083152771
8190,1.4151477813720703,1.3310422897338867,1.1373804807662964,2.0598480701446533
8200,1.2839953899383545,1.1706674098968506,1.0318735837936401,1.8749233484268188
8210,1.3178911209106445,1.1811904907226562,1.0103827714920044,1.8629543781280518
8220,1.256392478942871,1.191853404045105,1.016791820526123,1.848008155822754
8230,1.3514970541000366,1.255379557609558,1.01433265209198,1.9406795501708984
8240,1.3443070650100708,1.192665934562683,0.966857373714447,1.8386218547821045
8250,1.3068900108337402,1.2073339223861694,1.0272629261016846,1.9550120830535889
8260,1.351640224456787,1.216322422027588,0.9857000708580017,1.6472671031951904
8270,1.2017379999160767,1.1826114654541016,0.9390777945518494,1.6970404386520386
8280,1.222032904624939,1.1974765062332153,0.9478395581245422,1.7073280811309814
8290,1.343872308731079,1.2959821224212646,1.0089441537857056,1.7745250463485718
8300,1.2233033180236816,1.2318918704986572,1.0169497728347778,1.8683786392211914
8310,1.4121730327606201,1.3539174795150757,1.0735564231872559,1.9909765720367432
8320,1.2949202060699463,1.1755236387252808,0.9497054219245911,1.7455389499664307
8330,1.1680165529251099,1.1378952264785767,0.9198565483093262,1.6513686180114746
8340,1.2254045009613037,1.1301485300064087,0.9253040552139282,1.5703762769699097
8350,1.170748233795166,1.109078049659729,0.9504730105400085,1.6526718139648438
8360,1.3666621446609497,1.1982100009918213,1.0121997594833374,1.9102790355682373
8370,1.3692232370376587,1.2502588033676147,1.1121083498001099,2.083660125732422
8380,1.3931487798690796,1.2741029262542725,1.0355063676834106,1.982656717300415
8390,1.207339882850647,1.2590327262878418,0.9364338517189026,1.7054526805877686
8400,1.2626217603683472,1.1696361303329468,0.9600328207015991,1.877741813659668
8410,1.4324884414672852,1.3561917543411255,1.0837104320526123,2.120429039001465
8420,1.3733320236206055,1.3118822574615479,0.9850901365280151,1.8934733867645264
8430,1.344748616218567,1.2491685152053833,1.0043765306472778,1.837904453277588
8440,1.3202153444290161,1.191161036491394,0.9592615365982056,1.744121789932251
8450,1.4009634256362915,1.4527617692947388,1.0512458086013794,2.145876884460449
8460,1.1545013189315796,1.1220804452896118,0.9765899181365967,1.7686160802841187
8470,1.2946006059646606,1.2875539064407349,1.0187970399856567,1.9471065998077393
8480,1.1993950605392456,1.2182514667510986,1.0120649337768555,1.8700257539749146
8490,1.304108738899231,1.32778000831604,1.0039150714874268,1.803431749343872
8500,1.2642725706100464,1.1882113218307495,1.0126606225967407,1.9632821083068848
8510,1.2851148843765259,1.2792972326278687,0.9789584875106812,1.8721193075180054
8520,1.4448059797286987,1.3440873622894287,1.0771597623825073,2.121432304382324
8530,1.2605901956558228,1.1894851922988892,0.9880326390266418,1.698029637336731
8540,1.2451094388961792,1.2644249200820923,1.007646918296814,1.8686256408691406
8550,1.3595492839813232,1.3000128269195557,1.0259395837783813,1.9161334037780762
8560,1.3374607563018799,1.2285847663879395,0.9981929063796997,1.9560668468475342
8570,1.372799277305603,1.243855595588684,1.0647897720336914,1.9516407251358032
8580,1.3798233270645142,1.2862825393676758,1.0887783765792847,2.0492477416992188
8590,1.3141788244247437,1.218338966369629,1.05987548828125,1.9075504541397095
8600,1.4461958408355713,1.3923530578613281,1.062366247177124,2.1543352603912354
8610,1.3587044477462769,1.4273298978805542,1.1112709045410156,2.0518813133239746
8620,1.3132776021957397,1.277535319328308,1.0568073987960815,1.8877387046813965
8630,1.425022006034851,1.3382009267807007,1.050373911857605,1.8860182762145996
8640,1.3055555820465088,1.3258832693099976,1.0094271898269653,1.880161166191101
8650,1.4809085130691528,1.5036324262619019,1.0680828094482422,1.87057626247406
8660,1.2041854858398438,1.154527187347412,0.9531764388084412,1.842948317527771
8670,1.3372758626937866,1.3034582138061523,1.009421706199646,1.849650263786316
8680,1.429306149482727,1.2415516376495361,1.0294392108917236,2.113569974899292
8690,1.3355525732040405,1.166033387184143,0.9458199143409729,1.884688138961792
8700,1.1445262432098389,1.0862371921539307,0.9488181471824646,1.6692839860916138
8710,1.3459669351577759,1.4023857116699219,1.0923066139221191,1.9741029739379883
8720,1.2651698589324951,1.259965419769287,1.0130717754364014,1.9643633365631104
8730,1.288111686706543,1.1259640455245972,0.9906440377235413,1.70740807056427
8740,1.274208664894104,1.208210825920105,0.996066153049469,1.8879647254943848
8750,1.4165325164794922,1.269153356552124,1.0610305070877075,2.030282497406006
8760,1.3609592914581299,1.233527421951294,1.038736343383789,1.9454156160354614
8770,1.2763432264328003,1.2082593441009521,1.005006194114685,1.8769826889038086
8780,1.108021855354309,1.2077115774154663,0.9587240219116211,1.6010665893554688
8790,1.1197694540023804,1.197853446006775,0.9535780549049377,1.762502670288086
8800,1.2801891565322876,1.259498953819275,0.9877951145172119,1.741737961769104
8810,1.1133743524551392,1.1028707027435303,0.9708129167556763,1.6248505115509033
8820,1.2470507621765137,1.2046575546264648,0.992130696773529,1.745617389678955
8830,1.3054229021072388,1.2198923826217651,0.9917682409286499,1.8191912174224854
8840,1.3475617170333862,1.2872408628463745,1.0577367544174194,1.8505462408065796
8850,1.2805161476135254,1.149957299232483,1.0048030614852905,1.8237706422805786
8860,1.2799811363220215,1.1771711111068726,0.9324844479560852,1.7639797925949097
8870,1.415106177330017,1.22123122215271,1.0672637224197388,2.1199159622192383
8880,1.1889053583145142,1.1799875497817993,0.9765938520431519,1.9043362140655518
8890,1.2522624731063843,1.2776923179626465,1.0748366117477417,2.0008113384246826
8900,1.3208128213882446,1.2518377304077148,0.9710499048233032,1.795308232307434
8910,1.4068833589553833,1.3041961193084717,0.9649954438209534,1.77128267288208
8920,1.3972934484481812,1.3205103874206543,1.0753847360610962,2.0101935863494873
8930,1.5253552198410034,1.4717878103256226,1.1667132377624512,2.032564401626587
8940,1.3782190084457397,1.307566523551941,1.0104687213897705,1.9062844514846802
8950,1.4042876958847046,1.3860687017440796,1.0669376850128174,2.2667272090911865
8960,1.3517425060272217,1.2513761520385742,1.0507397651672363,1.825670599937439
8970,1.3573343753814697,1.2544736862182617,1.029185175895691,1.9172152280807495
8980,1.3767693042755127,1.289583683013916,1.0256197452545166,1.961187481880188
8990,1.3209681510925293,1.317467451095581,1.0245213508605957,1.7803096771240234
9000,1.2644399404525757,1.1953794956207275,1.0325417518615723,2.018477439880371
9010,1.0444905757904053,1.0734385251998901,0.907852053642273,1.6733812093734741
9020,1.2811837196350098,1.26943838596344,0.9955441355705261,1.8371902704238892
9030,1.2708958387374878,1.2249460220336914,1.05335533618927,1.8109323978424072
9040,1.2954210042953491,1.2188881635665894,1.0356897115707397,1.818232536315918
9050,1.266068935394287,1.1287271976470947,0.9259848594665527,1.6640732288360596
9060,1.2413465976715088,1.1729137897491455,0.9348750114440918,1.6443521976470947
9070,1.3182687759399414,1.232485294342041,1.0292469263076782,1.6900204420089722
9080,1.1856029033660889,1.2583526372909546,0.9984210133552551,1.814075231552124
9090,1.3909879922866821,1.292958378791809,0.9973430037498474,1.8363635540008545
9100,1.3717739582061768,1.2163656949996948,1.037860631942749,1.9629303216934204
9110,1.4496275186538696,1.4020870923995972,1.0929466485977173,1.8840503692626953
9120,1.205880045890808,1.2566027641296387,0.9687461853027344,1.681861400604248
9130,1.194923996925354,1.206829309463501,1.0120887756347656,1.8590571880340576
9140,1.3114674091339111,1.2624881267547607,0.9551385045051575,1.9594297409057617
9150,1.365199089050293,1.3240352869033813,1.0142089128494263,1.7725989818572998
9160,1.1864848136901855,1.180351734161377,0.9425786733627319,1.6583443880081177
9170,1.2485805749893188,1.1294994354248047,1.018587589263916,1.6201469898223877
9180,1.4558461904525757,1.2409528493881226,1.043954849243164,1.8330724239349365
9190,1.3920903205871582,1.3131608963012695,1.0278681516647339,1.8752740621566772
9200,1.3913403749465942,1.3316044807434082,1.092970609664917,2.0149619579315186
9210,1.337923526763916,1.1855779886245728,1.0465099811553955,1.8940694332122803
9220,1.36509108543396,1.220266580581665,1.0305063724517822,1.858927607536316
9230,1.3131731748580933,1.2768347263336182,1.0167150497436523,1.8977001905441284
9240,1.1471831798553467,1.1573790311813354,0.9663518071174622,1.8452426195144653
9250,1.2738245725631714,1.3299827575683594,1.0171630382537842,1.8796786069869995
9260,1.4194358587265015,1.4168492555618286,1.1298344135284424,2.022024631500244
9270,1.2807728052139282,1.1495397090911865,0.985148012638092,1.9156208038330078
9280,1.2283012866973877,1.1720423698425293,1.0296145677566528,1.8140867948532104
9290,1.2954295873641968,1.2340298891067505,1.0558216571807861,1.7838544845581055
9300,1.286553978919983,1.2195037603378296,0.9592304229736328,1.778041124343872
9310,1.353041648864746,1.2293009757995605,1.0200682878494263,1.8542041778564453
9320,1.3013683557510376,1.2420334815979004,0.9701279997825623,1.8116724491119385
9330,1.2899495363235474,1.2852967977523804,0.9772517681121826,1.8023611307144165
9340,1.2938940525054932,1.1961442232131958,1.000442385673523,1.9371484518051147
9350,1.2618430852890015,1.232649803161621,0.9866612553596497,1.7479119300842285
9360,1.2468478679656982,1.2247915267944336,1.0159821510314941,1.7944291830062866
9370,1.2714385986328125,1.3153953552246094,0.9608500599861145,1.676323652267456
9380,1.2894023656845093,1.1974387168884277,1.0243858098983765,1.9758251905441284
9390,1.2718536853790283,1.2115262746810913,1.0290234088897705,1.7547614574432373
9400,1.449566125869751,1.2160189151763916,0.9982029795646667,2.035835027694702
9410,1.2539174556732178,1.2615705728530884,1.0099475383758545,1.8570717573165894
9420,1.2663993835449219,1.1359138488769531,0.9947890043258667,1.7227517366409302
9430,1.2358579635620117,1.1831448078155518,0.9410539865493774,1.7899415493011475
9440,1.4724489450454712,1.2807738780975342,1.0699352025985718,2.0317294597625732
9450,1.3789417743682861,1.2682520151138306,1.0245505571365356,1.8842284679412842
9460,1.2034422159194946,1.1794021129608154,0.9675396680831909,1.7577917575836182
9470,1.2274143695831299,1.1621088981628418,0.9893733859062195,1.8377193212509155
9480,1.3384931087493896,1.323238492012024,1.12986421585083,2.125331401824951
9490,1.4397566318511963,1.4185731410980225,1.0887913703918457,1.9984462261199951
9500,1.3418785333633423,1.295700192451477,1.086165189743042,1.910512089729309
9510,1.1509586572647095,1.137330174446106,0.9577426314353943,1.6836309432983398
9520,1.1647223234176636,1.1521120071411133,0.9358140230178833,1.6490660905838013
9530,1.3080475330352783,1.279170274734497,1.0301629304885864,1.8947988748550415
9540,1.3400861024856567,1.344024658203125,1.053497552871704,1.8022462129592896
9550,1.2417124509811401,1.1849919557571411,0.9950934052467346,1.936005711555481
9560,1.2734378576278687,1.3367974758148193,1.0264378786087036,1.7539281845092773
9570,1.305409550666809,1.2024189233779907,1.0559160709381104,2.019829511642456
9580,1.2463922500610352,1.2540253400802612,0.9853976368904114,1.7277109622955322
9590,1.271489143371582,1.3274133205413818,1.0269873142242432,1.9279611110687256
9600,1.4013476371765137,1.3415082693099976,1.0693906545639038,2.0104310512542725
9610,1.2427940368652344,1.1858662366867065,1.0646952390670776,1.8878475427627563
9620,1.30983567237854,1.3827046155929565,0.9912179708480835,1.755157709121704
9630,1.1912635564804077,1.1643623113632202,0.9426230192184448,1.7175694704055786
9640,1.3963602781295776,1.3074185848236084,1.0567607879638672,2.0588645935058594
9650,1.3833118677139282,1.3215949535369873,1.0938212871551514,1.979979157447815
9660,1.3253000974655151,1.2512760162353516,1.0391488075256348,1.7830018997192383
9670,1.4807857275009155,1.410408854484558,1.1210362911224365,2.1948275566101074
9680,1.2276841402053833,1.291313648223877,1.0207281112670898,1.6445698738098145
9690,1.068137288093567,1.0296651124954224,0.8875430822372437,1.5026730298995972
9700,1.2338697910308838,1.0617666244506836,0.9428790807723999,1.7295114994049072
9710,1.3499277830123901,1.3284072875976562,1.0385221242904663,1.7993773221969604
9720,1.2603816986083984,1.3500570058822632,1.0690302848815918,1.922969937324524
9730,1.2352063655853271,1.1593550443649292,1.0167880058288574,1.7772448062896729
9740,1.2166273593902588,1.3325942754745483,1.0610264539718628,2.0814292430877686
9750,1.4161040782928467,1.410918951034546,1.1182234287261963,2.1406490802764893
9760,1.2617511749267578,1.2326284646987915,1.0581938028335571,2.022571563720703
9770,1.302600383758545,1.3021767139434814,1.0381708145141602,1.9133286476135254
9780,1.2679493427276611,1.1239105463027954,1.0066832304000854,1.8244340419769287
9790,1.350307822227478,1.1545538902282715,1.0437743663787842,1.893849492073059
9800,1.258804440498352,1.2815241813659668,1.0685155391693115,1.838171124458313
9810,1.2301266193389893,1.2223234176635742,0.9917921423912048,1.7784547805786133
9820,1.2972246408462524,1.1386922597885132,0.9884821176528931,1.7131813764572144
9830,1.2843519449234009,1.1927964687347412,1.0080029964447021,1.6590486764907837
9840,1.2875195741653442,1.1934524774551392,0.995404064655304,1.8453586101531982
9850,1.336938738822937,1.2663906812667847,1.0386559963226318,2.10632061958313
9860,1.3902071714401245,1.3592615127563477,1.030335545539856,1.8635121583938599
9870,1.1753287315368652,1.1236027479171753,0.9470241665840149,1.7736471891403198
9880,1.3008320331573486,1.2954883575439453,1.1220356225967407,2.0709354877471924
9890,1.3033322095870972,1.2825485467910767,1.0799998044967651,1.8144941329956055
9900,1.2625329494476318,1.305159330368042,1.0192418098449707,1.92084538936615
9910,1.174774169921875,1.1295726299285889,0.9083696007728577,1.544363260269165
9920,1.3613735437393188,1.3145427703857422,1.0705418586730957,1.9162662029266357
9930,1.389748454093933,1.2496970891952515,1.0021048784255981,1.7181622982025146
9940,1.2443554401397705,1.2356871366500854,1.017393946647644,1.8252705335617065
9950,1.2680599689483643,1.278969407081604,0.9623428583145142,1.791760802268982
9960,1.4538500308990479,1.3945080041885376,1.0705169439315796,1.8813258409500122
9970,1.2339774370193481,1.120640516281128,0.9872621893882751,1.6837128400802612
9980,1.3099979162216187,1.2936691045761108,0.9848589897155762,1.784867763519287
9990,1.239202857017517,1.2750931978225708,1.0070297718048096,1.6921237707138062
10000,1.2294633388519287,1.2880557775497437,1.006494164466858,1.8687039613723755
